{
    "name": "Logitech Device Switcher",
    "version": "1.0.0",
    "description": "羅技設備切換器 - 快速切換鍵盤滑鼠到不同主機",
    "author": "",
    "releaseDate": "2026-01-07",
    "features": [
        "系統托盤運行",
        "全域快捷鍵 Ctrl+1/2/3",
        "設備選擇功能",
        "開機自動啟動",
        "自動掃描設備",
        "深色主題介面"
    ],
    "supportedDevices": {
        "mice": [
            "MX Master 3",
            "MX Master 3S",
            "MX Anywhere 3",
            "MX Anywhere 3S",
            "MX Master 2S",
            "M590 Multi-Device",
            "M720 Triathlon",
            "MX Ergo"
        ],
        "keyboards": [
            "K780 Multi-Device",
            "K380 Multi-Device",
            "MX Keys",
            "MX Keys S",
            "MX Mechanical",
            "MX Keys Mini"
        ]
    },
    "requirements": {
        "os": "Windows 10/11",
        "framework": ".NET Framework 4.8"
    },
    "shortcuts": {
        "Ctrl+1": "切換到主機 1",
        "Ctrl+2": "切換到主機 2",
        "Ctrl+3": "切換到主機 3"
    }
}
